name,has_website,official_url,official_title,relevant_links,justdial_com,indiamart_com,cardekho_com,carwale_com,cars24_com,olx_in,sulekha_com,yellowpages_in,total_referral_links,lead_score,lead_category,lead_reason,extracted_phone
Pratap Motors Maruti Suzuki,True,https://www.arenaofvijaynagar.com/,"Patel Motors Maruti Suzuki ARENA Car Showroom in Vijay Nagar, Indore","[{'name': 'Pratap Motors Maruti Suzuki', 'title': 'Maruti Suzuki Car Dealers in Maharana Pratap Nagar, Indore - Maruti Suzuki New Car Showrooms near me - Justdial', 'url': 'https://www.justdial.com/Indore/Car-Dealers-Maruti-Suzuki-in-Maharana-Pratap-Nagar/nct-10983546', 'domain': 'justdial.com', 'snippet': 'Maruti Suzuki Car Dealers in Maharana Pratap Nagar, Indore. Discover top Maruti Suzuki showrooms in Indore offering the latest car models, car prices and services. Get phone numbers, addresses, reviews, photos, and maps for leading Maruti Suzuki Car Dealers near you in Maharana Pratap Nagar, ...', 'type': 'referral'}, {'name': 'Pratap Motors Maruti Suzuki', 'title': '20 Maruti Suzuki Car Showrooms in Indore - Find Contact & Location Details', 'url': 'https://www.cardekho.com/Maruti/Indore/cardealers', 'domain': 'cardekho.com', 'snippet': 'Looking for a Maruti Suzuki Car Showroom in Indore? Find Dealer location, contact info and directions to 20 dealers to plan your visit to Maruti Suzuki Showroom.', 'type': 'referral'}, {'name': 'Pratap Motors Maruti Suzuki', 'title': 'Maruti Suzuki New Car Showrooms near me - Indore', 'url': 'https://www.justdial.com/Indore/Car-Dealers-Maruti-Suzuki/nct-10983546', 'domain': 'justdial.com', 'snippet': ""Justdial, India's No. 1 local search engine, for Restaurants, Hotels, Salons, Real Estate, Travel, Healthcare, Education, B2B Businesses and more. Find addresses, phone numbers, reviews and ratings, photos, maps of businesses."", 'type': 'referral'}, {'name': 'Pratap Motors Maruti Suzuki', 'title': 'Maruti Suzuki Showrooms in Indore', 'url': 'https://www.carwale.com/dealer-showrooms/maruti-suzuki/indore/', 'domain': 'carwale.com', 'snippet': 'Maruti Suzuki has 13 authorized dealer outlets / showrooms in Indore. Dealer information includes full address, phone numbers, email, pin code etc.', 'type': 'referral'}]",2,0,1,1,0,0,0,0,4,10,Strong Online Presence,Business has an official website - lower digital opportunity,8071646628
Sai Service Maruti Suzuki,True,https://www.marutisuzuki.com/maruti-authorized-service-station-in-indore,Maruti Suzuki Authorised Service Center In Indore,"[{'name': 'Sai Service Maruti Suzuki', 'title': 'Find list of Sai Service in Indore near me - Justdial', 'url': 'https://www.justdial.com/Indore/SAI-Service/nct-12039441', 'domain': 'justdial.com', 'snippet': 'Sai Service in Indore. Find Car Dealers, Car Dealers-Maruti Suzuki, Car Repair & Services, Car Repair & Services-Maruti Suzuki, Car Dealers-Maruti Suzuki Ertiga in Indore. Get Phone Numbers, Address, Reviews, Photos, Maps , FAQs for find list of Sai Service near me in Indore on Justdial.', 'type': 'referral'}, {'name': 'Sai Service Maruti Suzuki', 'title': 'Maruti Suzuki car service centers in Indore - CarDekho', 'url': 'https://www.cardekho.com/Maruti/Indore/car-service-center.htm', 'domain': 'cardekho.com', 'snippet': 'Locate over 12 authorised Maruti Suzuki Service Centers in Indore. Get Maruti Suzuki Car Service Center address, contact info, and directions at CarDekho.', 'type': 'referral'}, {'name': 'Sai Service Maruti Suzuki', 'title': 'Maruti Suzuki Car Dealers in Indore - Maruti Suzuki New Car Showrooms ...', 'url': 'https://www.justdial.com/Indore/Maruti-Car-Dealers/nct-10983546', 'domain': 'justdial.com', 'snippet': '37 Maruti Suzuki Car Dealers in Indore. Discover top Maruti Suzuki showrooms in Indore offering the latest car models, car prices and services. Get phone numbers, addresses, reviews, photos, and maps for leading Maruti Suzuki Car Dealers near you in Indore on Justdial.', 'type': 'referral'}, {'name': 'Sai Service Maruti Suzuki', 'title': 'Maruti Showrooms in Indore | 13 Maruti Dealers in Indore - CarWale', 'url': 'https://www.carwale.com/dealer-showrooms/maruti-suzuki/indore/', 'domain': 'carwale.com', 'snippet': 'Maruti Suzuki has 13 authorized dealer outlets / showrooms in Indore. Dealer information includes full address, phone numbers, email, pin code etc.', 'type': 'referral'}]",2,0,1,1,0,0,0,0,4,10,Strong Online Presence,Business has an official website - lower digital opportunity,8071649114
Mandovi Motors Maruti Suzuki,False,,,"[{'name': 'Mandovi Motors Maruti Suzuki', 'title': 'Drive with confidence in the Maruti Suzuki Victoris ... - Instagram', 'url': 'https://www.instagram.com/reel/DV2fwiMDdd-/?hl=en', 'domain': 'instagram.com', 'snippet': 'Mar 13, 2026 ... and book your test drive today! Khandesh Motors – Maruti Suzuki ARENA 248/2, NH 06, Bhusawal Road, Tarsod Shivar, Jalgaon, Maharashtra ...', 'type': 'referral'}, {'name': 'Mandovi Motors Maruti Suzuki', 'title': 'the Maruti Suzuki Swift is built to stand out on every road ... - Instagram', 'url': 'https://www.instagram.com/p/DTSvKZhk0NV/', 'domain': 'instagram.com', 'snippet': 'Jan 9, 2026 ... ... Suzuki Dealer Indore, Arena Showroom Indore, Hatchback Car Indore, Test Drive Indore ... Motors Maruti Suzuki Arena showroom and book your ...', 'type': 'referral'}, {'name': 'Mandovi Motors Maruti Suzuki', 'title': 'Mandovi Motors - Maruti Suzuki Car Dealers In Mandya - Justdial', 'url': 'https://www.justdial.com/Mandya/Mandovi-Motors-Maddur-Mandya/9999P8232-8232-211026154227-H7G2_BZDET', 'domain': 'justdial.com', 'snippet': 'Since its establishment in 1984, Mandovi Motors has been the leading Maruti Suzuki dealer in Karnataka, serving over 6 million satisfied customers through its ...', 'type': 'referral'}, {'name': 'Mandovi Motors Maruti Suzuki', 'title': 'Struggling to fit your big family and all their luggage into one car ...', 'url': 'https://www.instagram.com/reel/DW_D3ZctEQM/', 'domain': 'instagram.com', 'snippet': 'Apr 11, 2026 ... Book your test drive and bring home your new Maruti today! Call us: +91 7222910022 Visit us: ARENA- NH 6 Durg - Rajnandgaon, Bypass, Infront ...', 'type': 'referral'}]",1,0,0,0,0,0,0,0,1,80,High Priority,No official website but listed on 1 referral platform(s),8062513184
Sagar Motors Hyundai,True,https://www.sagarmotorsindia.com/,Tata dealers and showrooms in Noida | Sagar Motors,"[{'name': 'Sagar Motors Hyundai', 'title': '8 Hyundai Car Showrooms in Indore - Find Contact & Location Details', 'url': 'https://www.cardekho.com/Hyundai/Indore/cardealers', 'domain': 'cardekho.com', 'snippet': 'Looking for a Hyundai Car Showroom in Indore? Find Dealer location, contact info and directions to 8 dealers to plan your visit to Hyundai Showroom.For more information on Hyundai Cars Price, Offers, EMI options and test drive contact the below mentioned dealers in Indore.', 'type': 'referral'}, {'name': 'Sagar Motors Hyundai', 'title': 'Harmeet Hyundai Showroom in Kota, Rajasthan| Hyundai dealer...', 'url': 'https://harmeet.hyundaimotor.in/', 'domain': 'harmeet.hyundaimotor.in', 'snippet': 'Visit Harmeet Hyundai, authorized Hyundai dealer in Kota,Rajasthan. Book a test drive, check on-road prices, finance & exchange.₹ 55 70 600 *Ex-showroom price. Electric motor type. Permanent magnet synchronous motor (PMSM). Transmission available. Single speed reduction gear.', 'type': 'official_or_other'}, {'name': 'Sagar Motors Hyundai', 'title': 'Sagar Motors', 'url': 'https://sagarmotors.in/', 'domain': 'sagarmotors.in', 'snippet': 'Sagar Motors. sagarmotors@yahoo.com. 9810064863.Current Stock. Sell your Car. About Us.', 'type': 'official_or_other'}, {'name': 'Sagar Motors Hyundai', 'title': '39 Used Hyundai I20 in Indore, Second Hand I20 Cars for Sale | Droom', 'url': 'https://droom.in/cars/used/indore/hyundai-i20', 'domain': 'droom.in', 'snippet': 'There are 39 used Hyundai I20 Cars in Indore available for sale online in Fixed Price. All used Hyundai I20 Cars in Indore come with Full Circle Trust Score and 100% Refundable Token Amount. Used Hyundai I20 Cars are available starting from 3,10,000 to 7,22,000.', 'type': 'official_or_other'}]",0,0,1,0,0,0,0,0,1,20,Strong Online Presence,Business has an official website - lower digital opportunity,7291088983
Krishna Hyundai,True,https://www.drivespark.com/car-dealers/hyundai/indore/,Hyundai Showrooms/Dealers Indore • All Dealers - DriveSpark,"[{'name': 'Krishna Hyundai', 'title': '8 Hyundai Car Showrooms in Indore - Find Contact & Location Details', 'url': 'https://www.cardekho.com/Hyundai/Indore/cardealers', 'domain': 'cardekho.com', 'snippet': 'CarDekho connects you with authorized Hyundai Showrooms and dealers in Indore with their address and complete contact info. For more information on Hyundai Cars Price, Offers, EMI options and test drive contact the below mentioned dealers in Indore.', 'type': 'referral'}, {'name': 'Krishna Hyundai', 'title': 'Hyundai Dealers in Indore | Hyundai Showrooms in Indore | Vicky.in', 'url': 'https://www.vicky.in/dealer/hyundai-car-dealers-in-indore/', 'domain': 'vicky.in', 'snippet': 'Hyundai Car Dealers / Showrooms In Indore - Contact Details, Address And More Information, Dealer Quote, Dealer Price.', 'type': 'official_or_other'}, {'name': 'Krishna Hyundai', 'title': 'Harsh Hyundai, Indore : Rukmani Plaza, 14, Old Palasia... - Carz4Sale', 'url': 'https://www.carz4sale.in/new-car-showrooms/dealer/hyundai/madhya-pradesh/indore/1540/harsh-hyundai', 'domain': 'carz4sale.in', 'snippet': 'Hyundai Car Showroom. Contact details and address of Harsh Hyundai.Indore, Madhya Pradesh, India Pin Code - 452009. Working Days & Hours.', 'type': 'official_or_other'}, {'name': 'Krishna Hyundai', 'title': 'Harsh Hyundai Indore | Best Hyundai Car Deals', 'url': 'https://www.harshhyundaiindore.in/', 'domain': 'harshhyundaiindore.in', 'snippet': 'Visit Us at Harsh Hyundai, Indore. Stop by our showroom to explore the latest Hyundai cars in person, book a test drive, or talk to our experts for the best deals and offers.', 'type': 'official_or_other'}]",0,0,1,0,0,0,0,0,1,20,Strong Online Presence,Business has an official website - lower digital opportunity,7949108456
Nath Motors Tata,True,https://dealer-locator.cars.tatamotors.com/tata-motors-cars-service-centre-shyam-automotive-bicholi-mardana-car-dealer-indore-indore-488665/Home,"Tata Motors Cars Service Centre - Shyam Automotive, Bicholi...","[{'name': 'Nath Motors Tata', 'title': 'Best Tata Motors - Car Dealers in Indore, Top Tata Motors - Car...', 'url': 'https://www.indoreonline.in/tata-motors-car-dealers/3277', 'domain': 'indoreonline.in', 'snippet': 'Find list of best Tata Motors - Car Dealers in Indore.Trinity Motors - Mercedes Showroom. Click to View All Photos. Since 2016.', 'type': 'official_or_other'}, {'name': 'Nath Motors Tata', 'title': 'CarDekho: New Cars, Car Prices, Buy & Sell Used Cars in India', 'url': 'https://www.cardekho.com/', 'domain': 'cardekho.com', 'snippet': 'Thinking of buying a car? At CarDekho.com, buy new and used cars, search by filter and preferences, compare cars, read latest news and updates, see 360 views & more!View June Offers. Tata Nexon.', 'type': 'referral'}, {'name': 'Nath Motors Tata', 'title': 'Jabalpur Motors Ltd Indore | Tata Indore Dealer | Vicky.in', 'url': 'https://www.vicky.in/dealer/car/tata/indore/jabalpurmotorsltd/', 'domain': 'vicky.in', 'snippet': 'Get complete address, Available Models, Price & Contact Numbers of Jabalpur Motors Ltd car showroom at in Indore.Also Find other nearest Tata dealer address at Indore with Vicky.in Dealer Locator Tool.', 'type': 'official_or_other'}, {'name': 'Nath Motors Tata', 'title': 'indiamart.com/nath-motors-pvtltd', 'url': 'https://www.indiamart.com/nath-motors-pvtltd/', 'domain': 'indiamart.com', 'snippet': 'Car & bike insurance.', 'type': 'referral'}]",0,1,1,0,0,0,0,0,2,15,Strong Online Presence,Business has an official website - lower digital opportunity,919167303167
Concorde Motors Tata,True,https://dealer-locator.cars.tatamotors.com/,TATA Motors Locator/Finder | Car Dealer,"[{'name': 'Concorde Motors Tata', 'title': 'Top Car Dealers Tata Sierra in Indore - Justdial', 'url': 'https://www.justdial.com/Indore/Car-Dealers-Tata-Sierra/nct-10996907', 'domain': 'justdial.com', 'snippet': 'Sagar Motors is a standout choice for anyone in need of high-quality vehicle products and genuine parts. Their extensive selection ensures that you find ...', 'type': 'referral'}, {'name': 'Concorde Motors Tata', 'title': 'Is it true Tata after sales service is the worst? Have heard many ...', 'url': 'https://www.reddit.com/r/CarsIndia/comments/189lqyd/is_it_true_tata_after_sales_service_is_the_worst/', 'domain': 'reddit.com', 'snippet': ""Dec 3, 2023 ... ... Concorde Motors, Dairy Circle, Hosur Rd, Bengaluru) dealership. Our ... I'm considering taking my car and crashing it into Tata showroom."", 'type': 'referral'}, {'name': 'Concorde Motors Tata', 'title': 'Concorde Motors (Tata dealer group) is in big trouble. EDIT', 'url': 'https://www.team-bhp.com/forum/indian-car-dealerships/215399-concorde-motors-tata-dealer-group-big-trouble-edit-shutting-down.html', 'domain': 'team-bhp.com', 'snippet': ""Nov 8, 2019 ... Its like, the car is never available. I've always believed and been vocal about TATA dealers being the weakest link in the TATA motors. Their ..."", 'type': 'official_or_other'}, {'name': 'Concorde Motors Tata', 'title': 'Concorde Motors India Ltd - Tata Car Dealers in Padgha - Justdial', 'url': 'https://www.justdial.com/Thane/Concorde-Motors-India-Ltd-Near-K-Square-Park-Kurund-Village-Padgha/022PXX22-XX22-170919131801-H9P9_BZDET', 'domain': 'justdial.com', 'snippet': 'Concorde Motors India Ltd in Padgha,Thane listed under Tata-Car Dealers in Thane. Rated 3.7 based on 32 Customer Reviews and Ratings with 23 Photos.', 'type': 'referral'}]",2,0,0,0,0,0,0,0,2,20,Strong Online Presence,Business has an official website - lower digital opportunity,9109136481
Shivam Autozone Honda,True,https://www.autozone.com/?intcmp=yext_header_logo,autozone.com/?intcmp=yext_header_logo,"[{'name': 'Shivam Autozone Honda', 'title': 'Maruti Suzuki Car authorised Showroom & Service centre Mumbai', 'url': 'https://shivamautozone.com/', 'domain': 'shivamautozone.com', 'snippet': 'At Shivam Autozone, we understand that not everyone needs a brand-new car. That’s why we offer a wide selection of certified pre-owned cars through our True Value program. Each True Value car undergoes a rigorous 376-checkpoint inspection to ensure quality and reliability.', 'type': 'official_or_other'}, {'name': 'Shivam Autozone Honda', 'title': 'Maruti Suzuki NEXA Cars in Mumbai & Palghar | Shivam Autozone', 'url': 'https://shivamnexa.com/', 'domain': 'shivamnexa.com', 'snippet': 'Welcome to Shivam Autozone NEXA, your go-to destination for Maruti Suzuki Nexa cars in Mumbai, Thane, and Palghar!Wide Selection of Cars: Our Nexa showrooms in Mumbai, Thane, and Palghar offer a vast selection of new and pre-owned Nexa cars with exchange options.', 'type': 'official_or_other'}, {'name': 'Shivam Autozone Honda', 'title': 'Shivam Autozone NEXA Car Showroom in Shivam Autozone...', 'url': 'https://www.nexaofkandivalisvroad.com/', 'domain': 'nexaofkandivalisvroad.com', 'snippet': 'Ex-Showroom Price*. EMI Calculator.SHIVAM AUTOZONE started with its first Maruti Suzuki dealership in July 2011. Since then the group has grown into a renowned brand with the footprints in over 4 distinctive areas under Maruti Suzuki.', 'type': 'official_or_other'}, {'name': 'Shivam Autozone Honda', 'title': '36 Maruti Suzuki Car Showrooms in Mumbai - Find Contact...', 'url': 'https://www.cardekho.com/Maruti/Mumbai/cardealers', 'domain': 'cardekho.com', 'snippet': 'There are 9 Maruti Suzuki Nexa showrooms in Mumbai and 27 Maruti Suzuki Arena showrooms in Mumbai. For more information on Maruti Suzuki Cars Price, Offers, EMI options and test drive contact the below mentioned dealers in Mumbai.', 'type': 'referral'}]",0,0,1,0,0,0,0,0,1,20,Strong Online Presence,Business has an official website - lower digital opportunity,918082666333
Popular Honda,True,https://dealer.hondacarindia.com/location/madhya-pradesh/indore,Honda Cars India Ltd. Locator | Indore | Car Dealer,"[{'name': 'Popular Honda', 'title': 'Honda Showrooms in Indore | 1 Honda Dealers in Indore - CarWale', 'url': 'https://www.carwale.com/dealer-showrooms/honda/indore/', 'domain': 'carwale.com', 'snippet': 'Honda has 1 authorized dealer outlets / showrooms in Indore. Dealer information includes full address, phone numbers, email, pin code etc.', 'type': 'referral'}, {'name': 'Popular Honda', 'title': '2 Honda Car Showrooms in Indore - CarDekho', 'url': 'https://www.cardekho.com/Honda/Indore/cardealers', 'domain': 'cardekho.com', 'snippet': 'Looking for a Honda Car Showroom in Indore? Find Dealer location, contact info and directions to 2 dealers to plan your visit to Honda Showroom.', 'type': 'referral'}, {'name': 'Popular Honda', 'title': 'Honda Car Showrooms in Indore - Dealers List 2026 | Autocar India', 'url': 'https://www.autocarindia.com/carss/honda/dealers-in-indore', 'domain': 'autocarindia.com', 'snippet': 'Explore Honda showrooms in Indore (June 2026) on Autocar India. Check Honda dealer contact details, location, and visit your nearest dealership today.', 'type': 'official_or_other'}, {'name': 'Popular Honda', 'title': 'Honda Cars India Ltd. Locator | Sant Nagar, Indore | Car Dealer', 'url': 'https://dealer.hondacarindia.com/location/madhya-pradesh/indore/sant-nagar', 'domain': 'dealer.hondacarindia.com', 'snippet': 'Find closest Honda Cars India Ltd. dealer in Sant Nagar, Indore. Get accurate dealer information e.g. address, phone no, map & timings.', 'type': 'official_or_other'}]",0,0,1,1,0,0,0,0,2,15,Strong Online Presence,Business has an official website - lower digital opportunity,4428613713
Arihant Motors Mahindra,True,https://www.zigwheels.com/dealers/mahindra/Indore,"5 Mahindra Car Showrooms in Indore, Mahindra Dealers in Indore - Find Contact & Location Details","[{'name': 'Arihant Motors Mahindra', 'title': 'Mahindra Showrooms in Indore | 3 Mahindra Dealers in Indore', 'url': 'https://www.carwale.com/dealer-showrooms/mahindra/indore/', 'domain': 'carwale.com', 'snippet': 'Mahindra has 3 authorized dealer outlets / showrooms in Indore. Dealer information includes full address, phone numbers, email, pin code etc.', 'type': 'referral'}, {'name': 'Arihant Motors Mahindra', 'title': 'Mahindra Car Dealers in Indore - Mahindra New Car Showrooms near me - Justdial', 'url': 'https://www.justdial.com/Indore/Car-Dealers-Mahindra/nct-10076089', 'domain': 'justdial.com', 'snippet': 'Car Dealers Mahindra in Indore. Discover top Mahindra showrooms in Indore offering the latest car models, car prices and services. Get phone numbers, addresses, reviews, photos, and maps for leading Car Dealers Mahindra near you in Indore on Justdial.', 'type': 'referral'}, {'name': 'Arihant Motors Mahindra', 'title': '5 Mahindra Car Showrooms in Indore - Find Contact & Location Details', 'url': 'https://www.cardekho.com/Mahindra/Indore/cardealers', 'domain': 'cardekho.com', 'snippet': 'Looking for a Mahindra Car Showroom in Indore? Find Dealer location, contact info and directions to 5 dealers to plan your visit to Mahindra Showroom.', 'type': 'referral'}, {'name': 'Arihant Motors Mahindra', 'title': 'Mahindra Showrooms and Dealers in Indore', 'url': 'https://www.cartrade.com/showrooms-dealers/mahindra/indore/', 'domain': 'cartrade.com', 'snippet': 'Mahindra has 3 authorized dealer showrooms in Indore. Find nearest showroom, dealer details including contact number, full address and pincode.', 'type': 'official_or_other'}]",1,0,1,1,0,0,0,0,3,10,Strong Online Presence,Business has an official website - lower digital opportunity,9630087872
Rohan Motors Mahindra,True,https://www.mahindrafirstchoice.com/used/car-dealers/bhagawati-prestige-motors-private-limited-in-indore-4638,car&bike (by Mahindra First Choice) Bhagawati Prestige Indore ...,"[{'name': 'Rohan Motors Mahindra', 'title': 'Top Car Dealers in Mg Road Indore, Indore - New Car Showrooms ...', 'url': 'https://www.justdial.com/Indore/Car-Dealers-in-Mg-Road-Indore/nct-10075853', 'domain': 'justdial.com', 'snippet': 'Ocean Motors (Nexa Showroom) Geeta Bhawan Sqaure South Tukoganj A B Road, indore ... Car Dealers-Mahindra · Car Dealers-Hyundai · Car Repair & Services · Car ...', 'type': 'referral'}, {'name': 'Rohan Motors Mahindra', 'title': ""Here's a quick look inside Mahindra's design centres. This is where ..."", 'url': 'https://www.instagram.com/reel/DWDtuhgAVKw/?hl=en', 'domain': 'instagram.com', 'snippet': ""Mar 19, 2026 ... For car enthusiasts, this is one of the most fascinating automotive turnarounds in India's auto industry. [Mahindra Car, Automobile, Cars, ..."", 'type': 'referral'}, {'name': 'Rohan Motors Mahindra', 'title': 'Mahindra XUV400 EV Detailed On Road Price in Indore - CarDekho', 'url': 'https://www.cardekho.com/mahindra/xuv400-ev/price-in-indore', 'domain': 'cardekho.com', 'snippet': 'Mahindra car dealers in Indore · PREFERRED DEALERAhuja Auto Abhikaran - Indore. 160/4 Pipliya Rao Main, Indore. Call Dealer · PREFERRED DEALERAhuja Auto Abhikaran ...', 'type': 'referral'}, {'name': 'Rohan Motors Mahindra', 'title': 'Rohan Motors – Reliable Maruti Suzuki Arena Showroom Ghaziabad', 'url': 'https://in.pinterest.com/pin/rohan-motors-reliable-maruti-suzuki-arena-showroom-ghaziabad--734227545528283301/', 'domain': 'in.pinterest.com', 'snippet': 'Dec 9, 2023 ... Kathed Motocorp is a Maruti Suzuki ARENA dealer in Kalani Nagar, Indore. Get details of the latest Maruti Suzuki #Cars, including its features, ...', 'type': 'official_or_other'}]",1,0,1,0,0,0,0,0,2,15,Strong Online Presence,Business has an official website - lower digital opportunity,917290057238
Indus Toyota,False,,,"[{'name': 'Indus Toyota', 'title': 'it holds a lifetime. A story that moves forward with Indus ...', 'url': 'https://www.facebook.com/IndusMotorsOfficial/posts/every-car-holds-more-than-miles-it-holds-a-lifetimea-story-that-moves-forward-wi/1323349076485678/', 'domain': 'facebook.com', 'snippet': 'Jan 23, 2026 ... Indus Motors Crosses 8 Lakh New Car Sales A Landmark ... automobile dealer in India to deliver 8 lakh new Maruti cars. Since ...', 'type': 'referral'}, {'name': 'Indus Toyota', 'title': '3 lakh owners. One hybrid revolution. Thank you for making Toyota ...', 'url': 'https://www.instagram.com/p/DYhO-XSybSV/', 'domain': 'instagram.com', 'snippet': ""May 19, 2026 ... ... Indore www.sanghitoyota.com. snjtoyota's profile picture ... Photo by TRUST TOYOTA CAR SHOWROOM & SERVICE CENTRE BAREILLY on June 03, 2026."", 'type': 'referral'}, {'name': 'Indus Toyota', 'title': 'Indus Motors - Facebook', 'url': 'https://www.facebook.com/IndusMotorsOfficial/posts/indus-motors-is-proud-to-have-jointly-organized-the-fly-high-with-hope-event-wit/855351486618775/', 'domain': 'facebook.com', 'snippet': 'May 29, 2024 ... #Indusmotors #indus #maruticars #maruti #arena #nexa #cars #suzuki ... Proud winner of the prestigious Royal Platinum Dealer award, Indus ...', 'type': 'referral'}, {'name': 'Indus Toyota', 'title': 'Meet the night in style The all-new Toyota Urban Cruiser Hyryder ...', 'url': 'https://www.instagram.com/reel/DWai5OzEiKZ/?hl=en', 'domain': 'instagram.com', 'snippet': 'Mar 27, 2026 ... Because while driving, the car charges automatically. Toyota Hyryder Strong Hybrid. Mileage 27.97 KMPL. OCR. NIPPON TOYOTA വിഷയമേയല്ല! Strong ...', 'type': 'referral'}]",0,0,0,0,0,0,0,0,0,85,Hot Lead,No website and no referral presence - maximum digital opportunity,917314003133
Toyota Kirloskar Indore,True,https://en.wikipedia.org/wiki/Toyota_Kirloskar_Motor,Toyota Kirloskar Motor - Wikipedia,"[{'name': 'Toyota Kirloskar Indore', 'title': 'Doshi Toyota | Toyota Dealer | Indore', 'url': 'https://doshitoyota.com/', 'domain': 'doshitoyota.com', 'snippet': 'Official Web Site of Doshi Toyota, Selling Toyota Cars. Doshi Toyota have a team of experienced, well equipped & company trained staff across all functions to ensure a delightful customer experience. Offers online Test Drive, Brochure Request, Buy now Request, Price List of Toyota car models.......', 'type': 'official_or_other'}, {'name': 'Toyota Kirloskar Indore', 'title': '3 Toyota Car showrooms in Indore - Locate Toyota Dealers near Indore', 'url': 'https://www.91wheels.com/car-dealers/toyota/indore', 'domain': '91wheels.com', 'snippet': 'There are 3 dealerships of Toyota in Indore. All these showrooms offer the entire range of Toyota cars with prices ranging from Rs.6.99 Lakh to Rs.2.41 Cr. Get in touch with these showrooms for the updated rates and best offerings via the contact details below.', 'type': 'official_or_other'}, {'name': 'Toyota Kirloskar Indore', 'title': '4 Toyota Car Showrooms in Indore, Toyota Dealers in Indore - Find Contact & Location Details', 'url': 'https://www.zigwheels.com/dealers/toyota/Indore', 'domain': 'zigwheels.com', 'snippet': 'Find Toyota Car showrooms in Indore. Check the list of Toyota dealerships in Indore with dealer location, contact details and directions.', 'type': 'official_or_other'}, {'name': 'Toyota Kirloskar Indore', 'title': '4 Toyota Car Showrooms in Indore - Find Contact & Location Details', 'url': 'https://www.cardekho.com/Toyota/Indore/cardealers', 'domain': 'cardekho.com', 'snippet': 'Locate 4 Toyota Showrooms in Indore. CarDekho connects you with authorized Toyota Showrooms and dealers in Indore with their address and complete contact info. For more information on Toyota Cars Price, Offers, EMI options and test drive contact the below mentioned dealers in Indore.', 'type': 'referral'}]",0,0,1,0,0,0,0,0,1,20,Strong Online Presence,Business has an official website - lower digital opportunity,917314003133
Kia Motors Indore,True,https://www.shri-kia-new-devas-naka.com/,Shri kia,"[{'name': 'Kia Motors Indore', 'title': 'Kia Showrooms in Indore | 2 Kia Dealers in Indore - CarWale', 'url': 'https://www.carwale.com/dealer-showrooms/kia/indore/', 'domain': 'carwale.com', 'snippet': 'Shri Kia. 7-10, Heera Bagh Colony, A.B.Road, Near Dewas Naka, Indore, Madhya Pradesh 452010. 9285288888 · Car loan offers. Instant Loan Eligibility. Explore Now.', 'type': 'referral'}, {'name': 'Kia Motors Indore', 'title': '6 Kia Car Showrooms in Indore - Find Contact & Location Details', 'url': 'https://www.cardekho.com/Kia/Indore/cardealers', 'domain': 'cardekho.com', 'snippet': '6 Kia car dealers in Indore · PREFERRED DEALERShri Kia-Niranjanpur. Plot No. · Bhagirath Kia - Pipaliya. 78/1/2, Village Pipaliya Rao,Mata Gujri Campus,, Indore.', 'type': 'referral'}, {'name': 'Kia Motors Indore', 'title': 'Shri Kia in Dewas Naka Indore,Indore - Car Dealers near me in Indore', 'url': 'https://www.justdial.com/Indore/Shri-Kia-Opposite-Honda-Showroom-Dewas-Naka-Indore/0731PX731-X731-190715173524-T6M9_BZDET', 'domain': 'justdial.com', 'snippet': 'Shri Kia in Dewas Naka Indore,Indore listed under Car Dealers in Indore. Rated 4.7 based on 4833 Customer Reviews and Ratings with 41 Photos.', 'type': 'referral'}, {'name': 'Kia Motors Indore', 'title': 'Find Kia Car Showrooms, Dealers, and Service Centres Near You', 'url': 'https://www.kia.com/in/buy/find-a-dealer.html', 'domain': 'kia.com', 'snippet': 'Find authorized Kia showrooms, dealers and service centres in India near you. Enter your location to discover nearby stores effortlessly!', 'type': 'official_or_other'}]",1,0,1,1,0,0,0,0,3,10,Strong Online Presence,Business has an official website - lower digital opportunity,9167244923
Landmark Kia,True,https://wanderlog.com/place/details/15173563/kia-car-showroom-shri-kiapalasia,"Kia Car Showroom -Shri Kia,Palasia, Indore, India - Wanderlog","[{'name': 'Landmark Kia', 'title': 'Car Showrooms in Indore - ZigWheels.com', 'url': 'https://www.zigwheels.com/dealers/Indore', 'domain': 'zigwheels.com', 'snippet': 'Location 22/3, Tulsi Tower, Street No.1, A.b.road, South Tukoganj, Geeta Bhawan Sqaure, Indore, Madhya Pradesh 452001 · Email nexa@oceanmotors.in · Contact ...', 'type': 'official_or_other'}, {'name': 'Landmark Kia', 'title': 'Landmark Kia North - Park+', 'url': 'https://parkplus.io/car-dealer-showrooms/kia/north/landmark-kia-8232', 'domain': 'parkplus.io', 'snippet': ""ind reliable car offers and deals at Landmark Kia in North. Book your car's service or purchase with ease through our trusted dealership."", 'type': 'official_or_other'}, {'name': 'Landmark Kia', 'title': 'This Independence Day, make the journey all yours with a new Kia ...', 'url': 'https://www.facebook.com/shrikiaindore/posts/this-independence-day-make-the-journey-all-yours-with-a-new-kia-with-inspiration/1185567933587702/', 'domain': 'facebook.com', 'snippet': 'With inspirational design, intuitive features and unmatched comfort, make every drive yours. Avail exclusive ownership benefits up to Rs. 90 000. Visit Shri Kia ...', 'type': 'referral'}, {'name': 'Landmark Kia', 'title': '[PDF] Landmark Cars Limited CIN - NSE', 'url': 'https://nsearchives.nseindia.com/corporate/LANDMARK_30082025225507_19thAnnualReport202425.pdf', 'domain': 'nsearchives.nseindia.com', 'snippet': '30 Aug 2025 · In 2024-25, Landmark Cars operationalised 13 new showrooms, enhancing ... large installed car bases like Mahindra and Kia. The after-sales ...', 'type': 'official_or_other'}]",0,0,0,0,0,0,0,0,0,25,Low Priority,Business has an official website - lower digital opportunity,9100075700
MG Motor Indore,True,https://dealers.mgmotor.co.in/mg-motor-aeromark-car-showroom-car-dealer-ab-road-indore-371985/Home,"MG Motor, AB Road | Official dealer","[{'name': 'MG Motor Indore', 'title': 'MG Motor Car Showrooms in Indore - Find Contact & Location Details', 'url': 'https://www.cardekho.com/MG/Indore/cardealers', 'domain': 'cardekho.com', 'snippet': 'Locate 1 MG Motor Showrooms in Indore. CarDekho connects you with authorized MG Motor Showrooms and dealers in Indore with their address and complete contact info.', 'type': 'referral'}, {'name': 'MG Motor Indore', 'title': 'MG Motor Locator | Indore | Car Dealer', 'url': 'https://dealers.mgmotor.co.in/location/madhya-pradesh/indore', 'domain': 'dealers.mgmotor.co.in', 'snippet': 'MG Motor · Aeromark Car Showroom · No 1/2 AB Road Indore - 452001 · +918047493191 · Closed for the day ·', 'type': 'official_or_other'}, {'name': 'MG Motor Indore', 'title': 'MG Motor, AB Road | Contact dealer - Official', 'url': 'https://dealers.mgmotor.co.in/mg-motor-aeromark-car-showroom-car-dealer-ab-road-indore-371985/Contact-Us', 'domain': 'dealers.mgmotor.co.in', 'snippet': 'Get accurate address, phone no, timings & contact info of MG Motor, AB Road, Indore. Connect with us at +9180474931xx.', 'type': 'official_or_other'}, {'name': 'MG Motor Indore', 'title': 'MG Motor, AB Road | Gallery', 'url': 'https://dealers.mgmotor.co.in/mg-motor-aeromark-car-showroom-car-dealer-ab-road-indore-371985/Photos-Videos', 'domain': 'dealers.mgmotor.co.in', 'snippet': 'Get accurate address, phone no, timings & gallery of MG Motor, AB Road, Indore. Connect with us at +9180474931xx.', 'type': 'official_or_other'}]",0,0,1,0,0,0,0,0,1,20,Strong Online Presence,Business has an official website - lower digital opportunity,2241484279
Landmark MG,True,https://parkplus.io/car-dealer-showrooms/mg/indore,Mg Car Dealers in Indore | 3 Mg Showrooms,"[{'name': 'Landmark MG', 'title': 'MG Car Showrooms in Indore - Find Contact & Location Details', 'url': 'https://www.cardekho.com/MG/Indore/cardealers', 'domain': 'cardekho.com', 'snippet': 'Looking for a MG Car Showroom in Indore? Find Dealer location, contact info and directions to 1 dealers to plan your visit to MG Showroom.For more information on MG Cars Price, Offers, EMI options and test drive contact the below mentioned dealers in Indore.', 'type': 'referral'}, {'name': 'Landmark MG', 'title': 'MG Showrooms in Indore: 1 New Tata Car Dealers near Indore', 'url': 'https://www.carandbike.com/mg-cars/dealers-in-indore', 'domain': 'carandbike.com', 'snippet': 'Get details of 1 authorized MG car dealers, showrooms in Indore. Find car dealer address, offers and other details of showroom at.', 'type': 'official_or_other'}, {'name': 'Landmark MG', 'title': 'MG Dealers in Indore | MG Showrooms in Indore | Vicky.in', 'url': 'https://www.vicky.in/dealer/mg-car-dealers-in-indore/', 'domain': 'vicky.in', 'snippet': 'MG Car Dealers / Showrooms In Indore - Contact Details, Address And More Information, Dealer Quote, Dealer Price. Collect details on MG Car dealers in Indore.', 'type': 'official_or_other'}, {'name': 'Landmark MG', 'title': '1 MG Service Centres in Indore', 'url': 'https://carhp.in/service-centres/mg/indore', 'domain': 'carhp.in', 'snippet': 'Looking for a MG service centre in Indore? Find the best MG service centres and authorized outlets in and around the city. Get accurate on-road prices, EMI offers, and test drive options directly from trusted outlets.', 'type': 'official_or_other'}]",0,0,1,0,0,0,0,0,1,20,Strong Online Presence,Business has an official website - lower digital opportunity,918047493191
Skoda Indore,True,https://cars.trovit.co.in/used-cars/skoda-indore-district,45 used Skoda cars in Indore district - Trovit,"[{'name': 'Skoda Indore', 'title': '2 Skoda Car Showrooms in Indore - Find Contact & Location Details', 'url': 'https://www.cardekho.com/Skoda/Indore/cardealers', 'domain': 'cardekho.com', 'snippet': 'CarDekho connects you with authorized Skoda Showrooms and dealers in Indore with their address and complete contact info. For more information on Skoda Cars Price, Offers, EMI options and test drive contact the below mentioned dealers in Indore.', 'type': 'referral'}, {'name': 'Skoda Indore', 'title': 'मध्यप्रदेश इंदौर में कार मेला Suv Shri Balaji Motors Indore, used car...', 'url': 'https://www.youtube.com/watch?v=ZwlkuuhZi0A', 'domain': 'youtube.com', 'snippet': ""If you're searching for a reliable and affordable used car in Indore, then look no further than shri balaji motors pre owned 8, The collection of cars available at this location is impressive and includes various models such as compact SUVs like the Hyundai Creta, sedans like the Skoda Rapid..."", 'type': 'referral'}, {'name': 'Skoda Indore', 'title': 'Best Toyota Car Cleaning Service in Indore - GoMechanic', 'url': 'https://gomechanic.in/indore/car-cleaning-service/toyota', 'domain': 'gomechanic.in', 'snippet': 'Book Toyota Car Cleaning and Washing at Best Service Centers and Garages near you in Indore. Rubbing Polishing, Ceramic Coating, Dry Cleaning, all services available.', 'type': 'official_or_other'}, {'name': 'Skoda Indore', 'title': 'Best Skoda Service Centers - Car Wash Repair & Service Workshops...', 'url': 'https://www.indoreonline.in/skoda-service-centers-car-wash-repair-and-service-workshops/3198', 'domain': 'indoreonline.in', 'snippet': '+ Bhicholi Mardana, Indore 09, Mansarowar Nanar Deoguradioya Indore Madhya Pradesh, Near shri krishna car garage indore - Bhicholi Mardana, Indore Bhicholi Mardana , Indore.Scheduled Maintenance Service. TVS showroom in Bilaspur. + 24x7. + Show Number.', 'type': 'official_or_other'}]",0,0,1,0,0,0,0,0,1,20,Strong Online Presence,Business has an official website - lower digital opportunity,7771010424
Volkswagen Indore,True,https://volkswagen-indore.com/,Volkswagen Indore | Volkswagen Showroom in Indore,"[{'name': 'Volkswagen Indore', 'title': 'Volkswagen Indore (@volkswagenindore) - Instagram', 'url': 'https://www.instagram.com/volkswagenindore/?hl=en', 'domain': 'instagram.com', 'snippet': '... Volkswagen! Visit your nearest Anand Volkswagen showroom: Volkswagen Indore: 9669694949 City Store Indore: 8889622289 Volkswagen Bhopal: 8889677731 Volkswagen ...', 'type': 'referral'}, {'name': 'Volkswagen Indore', 'title': 'Virtus | VW Indore Aditya Nagar', 'url': 'https://volkswagen-indore-aditya-nagar.com/virtus', 'domain': 'volkswagen-indore-aditya-nagar.com', 'snippet': 'VW Indore Aditya Nagar is the best Volkswagen Dealer and has authorized Volkswagen Showroom(s) in Indore. Visit our Showroom(s) for best prices and offers.', 'type': 'official_or_other'}, {'name': 'Volkswagen Indore', 'title': 'Volkswagen Car Showrooms in Indore - ZigWheels.com', 'url': 'https://www.zigwheels.com/dealers/volkswagen/Indore', 'domain': 'zigwheels.com', 'snippet': '2 Volkswagen Showrooms in Indore · Volkswagen Indore-Aditya Nagar. Plot 2, Aditiya Nagar, AB Road, Scheme No. 44, Bhawarkua, Indore, Madhya Pradesh 452001.', 'type': 'official_or_other'}, {'name': 'Volkswagen Indore', 'title': 'Volkswagen Indore, Dewas Naka - Mappls', 'url': 'https://www.mappls.com/485cuz', 'domain': 'mappls.com', 'snippet': 'Get map of Volkswagen Indore, Plot No 20/2, Khata No 55, Khasra No 20, Near Police Station, Lasuriya Mori, AB Road, Dewas Naka, Indore, Madhya Pradesh, ...', 'type': 'official_or_other'}]",0,0,0,0,0,0,0,0,0,25,Low Priority,Business has an official website - lower digital opportunity,9669694949
Renault Indore,True,https://www.zigwheels.com/dealers/renault/Indore,Renault Car Showrooms in Indore - ZigWheels.com,"[{'name': 'Renault Indore', 'title': 'Prince Renault Indore (@princerenaultindore) - Instagram', 'url': 'https://www.instagram.com/princerenaultindore/?hl=en', 'domain': 'instagram.com', 'snippet': 'For more details please call us at (+91) 7880004571, 7880004561, 6262600877 Address : 283, Bijalpur Square A.B Road Indore . . . . . . . #princerenault # ...', 'type': 'referral'}, {'name': 'Renault Indore', 'title': 'Renault Dealers & Showroom in Indore - Prokerala', 'url': 'https://www.prokerala.com/automobile/renault/dealers/in-indore.html', 'domain': 'prokerala.com', 'snippet': 'Renault Dealers & Showroom in Indore · 1. Assure Galaxy Indore. Sales & Service. Survey #101-5, Dewas Naka, Indore, Madhya Pradesh - 452010. +91 8448488267 · 2.', 'type': 'official_or_other'}, {'name': 'Renault Indore', 'title': 'Renault Car Dealers in Indore | 2 Renault Showrooms - Park+', 'url': 'https://parkplus.io/car-dealer-showrooms/renault/indore', 'domain': 'parkplus.io', 'snippet': 'Indore has 2 Renault dealerships offering the full range of Renault cars available in India. Get complete details including showroom addresses, contact numbers, ...', 'type': 'official_or_other'}, {'name': 'Renault Indore', 'title': 'Renault Car Dealers in Indore - 91Wheels', 'url': 'https://www.91wheels.com/car-dealers/renault/indore', 'domain': '91wheels.com', 'snippet': '4 Dealerships in Indore · Renault Indore City · Renault Indore East · Renault Indore West. 9-10& Sukhdev Nagar& Airport Road&. Share Details Contact Dealer ...', 'type': 'official_or_other'}]",0,0,0,0,0,0,0,0,0,25,Low Priority,Business has an official website - lower digital opportunity,9821199001
Popular Renault,True,https://www.zigwheels.com/dealers/renault/Indore,"2 Renault Car Showrooms in Indore, Renault Dealers in Indore - Find Contact & Location Details","[{'name': 'Popular Renault', 'title': 'Renault Showrooms in Indore | 2 Renault Dealers in Indore', 'url': 'https://www.carwale.com/dealer-showrooms/renault/indore/', 'domain': 'carwale.com', 'snippet': 'Renault has 2 authorized dealer outlets / showrooms in Indore. Dealer information includes full address, phone numbers, email, pin code etc.', 'type': 'referral'}, {'name': 'Popular Renault', 'title': '2 Renault Car Showrooms in Indore - Find Contact & Location Details', 'url': 'https://www.cardekho.com/Renault/Indore/cardealers', 'domain': 'cardekho.com', 'snippet': 'Locate 2 Renault Showrooms in Indore. CarDekho connects you with authorized Renault Showrooms and dealers in Indore with their address and complete contact info.', 'type': 'referral'}, {'name': 'Popular Renault', 'title': '4 Renault Car showrooms in Indore - Locate Renault Dealers near Indore', 'url': 'https://www.91wheels.com/car-dealers/renault/indore', 'domain': '91wheels.com', 'snippet': 'Renault currently sells 3 models in India, with most affordable model being Renault Kwid starting at min Rs.4.30 Lakh and most expensive model being Renault Kiger starting at max Rs.10.34 Lakh. ... Lasudiya Moori& Survey No. 101-5& Dewas Naka ...', 'type': 'official_or_other'}, {'name': 'Popular Renault', 'title': 'Renault Indore | Renault Dealer in Indore | Renault Showroom Indore', 'url': 'https://www.prokerala.com/automobile/renault/dealers/in-indore.html', 'domain': 'prokerala.com', 'snippet': 'There are 4 Renault dealers / showrooms in Indore. Given below is the contact details, email and telephone number of Auto King Combines and Assure Galaxy Indore, dealers of Renault vehicles in Indore. ... This page gives the contact details, email and telephone number of Renault Indore dealers .', 'type': 'official_or_other'}]",0,0,1,1,0,0,0,0,2,15,Strong Online Presence,Business has an official website - lower digital opportunity,18003154444
Nissan Indore,True,https://www.carandbike.com/nissan-cars/dealers-in-indore,Nissan Showrooms in Indore: 2 Nissan Car Dealers near Indore,"[{'name': 'Nissan Indore', 'title': 'Anand Nissan Indore Car Dealer in Indore, Madhya... - Bikes4Sale', 'url': 'https://www.bikes4sale.in/car-showrooms/dealer/nissan/madhya-pradesh/indore/14465/anand-nissan-indore', 'domain': 'bikes4sale.in', 'snippet': 'Anand Nissan Indore - Nissan Car Dealership in Indore, Madhya Pradesh. Showroom located at BRILLIANT STAR, PLOT NO. 2/E/A, SCHM.', 'type': 'official_or_other'}, {'name': 'Nissan Indore', 'title': 'Top Nissan Car Dealers in Indore - Nissan Showrooms in Indore...', 'url': 'https://yellowpages.webindia123.com/d-py/madhya-pradesh/indore/car-dealers-nissan-1501/1/', 'domain': 'yellowpages.webindia123.com', 'snippet': 'car dealers nissan in Indore. Total Found: 2 - List 1 to 2.Upgrade to Sponsored. E/23, Agrawal Complex, Shaheed Bhagatsingh Market, Dewas Naka, Indore - 452001.', 'type': 'official_or_other'}, {'name': 'Nissan Indore', 'title': 'Nissan Magnite On Road Price in Indore starts Rs.5.62 Lakh', 'url': 'https://www.cardekho.com/nissan/magnite/price-in-indore', 'domain': 'cardekho.com', 'snippet': 'Nissan Magnite Price in Indore starts from ₹5.62 Lakh. Check 2026 Magnite on road car price (Ex-Showroom + RTO + Insurance), offers in Indore.', 'type': 'referral'}, {'name': 'Nissan Indore', 'title': '5 Nissan Car Electric Charging Stations in Indore , Near Me...', 'url': 'https://www.zigwheels.com/electric-charging-station/nissan/Indore', 'domain': 'zigwheels.com', 'snippet': 'Also check certified Nissan Motors Showrooms in India.Car Electric Charging Stations. Address. Tata Power - Shyam Automotive Charging Station. 1/2/1, AB Rd, Sai Vihar Colony, Rau Indore.', 'type': 'official_or_other'}]",0,0,1,0,0,0,0,0,1,20,Strong Online Presence,Business has an official website - lower digital opportunity,7773024000
Ford Indore,True,https://www.zigwheels.com/dealers/ford/Indore,Ford Car Showrooms in Indore - ZigWheels.com,"[{'name': 'Ford Indore', 'title': 'Ford Dealers & Showroom in Indore', 'url': 'https://www.prokerala.com/automobile/ford/dealers/in-indore.html', 'domain': 'prokerala.com', 'snippet': 'Ford Dealers & Showroom in Indore · 1. Vinayak Ford. Sales Only. #10, CMG Road, Opposite Lakshmi Towers, Indore, Madhya Pradesh - 452001. 0731-4228200.', 'type': 'official_or_other'}, {'name': 'Ford Indore', 'title': 'Sainath Ford | Indore - Facebook', 'url': 'https://www.facebook.com/IndoreSainathFord/', 'domain': 'facebook.com', 'snippet': 'Rating 4.7(15)Details ; . 94% recommend (16 Reviews) ; . Open now ; . Sainath Ford,3 Pipliya Rao,Rajeev andhi Square,A.b. Road,Ring Road,Indore, Indore, India, Contact - 702.', 'type': 'referral'}, {'name': 'Ford Indore', 'title': 'Ford Prince Ford Car Dealer - Mappls', 'url': 'https://www.mappls.com/914e2s', 'domain': 'mappls.com', 'snippet': 'Get map of Ford Prince Ford, No 181/3, 268/1, Building No 3, AB Road, Rajiv Gandhi Square, Pipliya Rao, Indore, Madhya Pradesh, 452001 by Mappls.', 'type': 'official_or_other'}, {'name': 'Ford Indore', 'title': 'Ford Car Service Centers in Indore - ZigWheels.com', 'url': 'https://www.zigwheels.com/service-centers/ford/Indore', 'domain': 'zigwheels.com', 'snippet': '4 Ford Car Service Centers in Indore · Vinayak Ford. C-4, A B Road, Tatawali Chanda, Panchwati Colony, Indore, Madhya Pradesh 453771. Email · Vinayak Ford. 9Cca, ...', 'type': 'official_or_other'}]",0,0,0,0,0,0,0,0,0,25,Low Priority,Business has an official website - lower digital opportunity,9981064904
Jeep Indore FCA,True,https://www.carz4sale.in/new-car-showrooms/dealer/jeep/madhya-pradesh/indore/7609/satguru-engitech,"Satguru Engitech : Indore, Madhya Pradesh - Carz4Sale","[{'name': 'Jeep Indore FCA', 'title': 'Satguru Jeep in Vijay Nagar,Indore - Best Car Dealers near me in ...', 'url': 'https://www.justdial.com/Indore/Satguru-Jeep-Near-Lasudia-Police-Station-Vijay-Nagar/0731PX731-X731-170802150855-Q6I6_BZDET', 'domain': 'justdial.com', 'snippet': 'Established in the year 2010, Satguru Jeep in Vijay Nagar,Indore listed under Car Dealers in Indore. Rated 4.2 based on 359 Customer Reviews and Ratings ...', 'type': 'referral'}, {'name': 'Jeep Indore FCA', 'title': 'Satguru Jeep Indore - Facebook', 'url': 'https://www.facebook.com/satgurujeep/', 'domain': 'facebook.com', 'snippet': 'Satguru Engitech Pvt Ltd in Indore is a top player in the category Car Dealers-Jeep in the Indore. Car dealership · Satguru Jeep Indore · $$ · +91 77710 ...', 'type': 'referral'}, {'name': 'Jeep Indore FCA', 'title': 'Jeep Car Service Centers in Indore - CarDekho', 'url': 'https://www.cardekho.com/Jeep/Indore/car-service-center.htm', 'domain': 'cardekho.com', 'snippet': 'Satguru Jeep Indore, 7/5 Lasudia Mori, Dewas Naka, Near Lasudia Police Station,, A.B. Road,, Indore, 452010 ...', 'type': 'referral'}, {'name': 'Jeep Indore FCA', 'title': 'Anand Jeep Bhopal – Authorised Jeep Dealers', 'url': 'https://anand.jeep-india.com/Home/Offers?loc=false', 'domain': 'anand.jeep-india.com', 'snippet': 'Anand Group is the largest luxury and premium car deaership chain across Madhya Pradesh. ... Anand group have their presence i Indore and Bhopal with over 6 ...', 'type': 'official_or_other'}]",1,0,1,0,0,0,0,0,2,15,Strong Online Presence,Business has an official website - lower digital opportunity,7771010422
BMW Indore,True,https://www.bmw-infinitycars.in/,BMW Infinity Cars | BMW New and Used Cars in Mumbai and Indore,"[{'name': 'BMW Indore', 'title': 'BMW Showrooms in Indore | 1 BMW Dealers in Indore - CarWale', 'url': 'https://www.carwale.com/dealer-showrooms/bmw/indore/', 'domain': 'carwale.com', 'snippet': 'Infinity BMW. 17, Mangal Compound, Ring Rd, MR-11 Pipliya Kumar, Dewas Naka, Lasudia Mori, Indore, Madhya Pradesh 452010. 8878888001 · Car loan offers. Instant ...', 'type': 'referral'}, {'name': 'BMW Indore', 'title': 'BMW Showroom Near Me | BMW Dealer Mumbai, Delhi, Indore', 'url': 'https://www.infinity-group.in/bmw/', 'domain': 'infinity-group.in', 'snippet': 'INFINITY CARS PVT. LTD. IS THE DEALER PARTNER OF BMW INDIA IN MUMBAI, NAVI MUMBAI, NEW DELHI, AND INDORE (M.P.). WE CARRY A LARGE INVENTORY OF NEW AND ...', 'type': 'official_or_other'}, {'name': 'BMW Indore', 'title': 'Find a Dealer - BMW India', 'url': 'https://www.bmw.in/en/fastlane/dealer-locator.html', 'domain': 'bmw.in', 'snippet': 'SA Sanghi Cars India Pvt. Ltd. Udaipur Showroom. E-95 Madri Industrial Area. 313003 Udaipur. FU Infinity Cars Pvt. Ltd. Indore. Unit # 17, Mangal Compound,.', 'type': 'official_or_other'}, {'name': 'BMW Indore', 'title': 'BMW Infinity Cars (@bmwinfinitycars) · Mumbai - Instagram', 'url': 'https://www.instagram.com/bmwinfinitycars/?hl=en', 'domain': 'instagram.com', 'snippet': 'BMW Infinity Cars is an authorized dealer of BMW with presence in Mumbai, Delhi & Indore. Our purpose is to deliver joy and unforgettable experience.', 'type': 'referral'}]",0,0,0,1,0,0,0,0,1,20,Strong Online Presence,Business has an official website - lower digital opportunity,7314008989
Mercedes Benz Indore,True,https://mercedes-benz-india-locator.com/landmark-cars-mp/mercedes-benz-landmark-cars-indore-mercedes-benz-dealer-link-road-indore-528379/Home,"Mercedes Benz Landmark Cars Indore, Link Road | Official outlet","[{'name': 'Mercedes Benz Indore', 'title': 'Mercedes-Benz Landmark Cars MP (@landmarkcarsmp) · Indore', 'url': 'https://www.instagram.com/landmarkcarsmp/?hl=en', 'domain': 'instagram.com', 'snippet': 'Mercedes-Benz Landmark Cars - A Group Landmark Company. Authorized Franchise Partner of Mercedes-Benz India in Madhya Pradesh. · Classic elegance, timeless ...', 'type': 'referral'}, {'name': 'Mercedes Benz Indore', 'title': 'Mercedes-Benz Car Showrooms in Indore - ZigWheels.com', 'url': 'https://www.zigwheels.com/dealers/mercedes-benz/Indore', 'domain': 'zigwheels.com', 'snippet': 'Find Mercedes-Benz Car showrooms in Indore. Check the list of Mercedes-Benz dealerships in Indore with dealer location, contact details and directions.', 'type': 'official_or_other'}, {'name': 'Mercedes Benz Indore', 'title': 'Mercedes-Benz Landmark Cars MP | Indore - Facebook', 'url': 'https://www.facebook.com/LandmarkCarsMP/', 'domain': 'facebook.com', 'snippet': 'Rating 4.8(16)#MercedesBenz #MercedesAccessories #MBCollection #LandmarkCarsMP #GroupLandmark For more details, call Landmark Cars MP at 909587777 or Visit Us Today! [ ...', 'type': 'referral'}, {'name': 'Mercedes Benz Indore', 'title': 'Mercedes-Benz, Landmark Cars, Indore Showroom, Link Road | Gallery', 'url': 'https://mercedes-benz-india-locator.com/landmark-cars-mp/mercedes-benz-landmark-cars-indore-showroom-mercedes-benz-dealer-link-road-indore-528379/Photos-Videos', 'domain': 'mercedes-benz-india-locator.com', 'snippet': 'No 25, Mangal Compound, MR11 Link Road Indore - 452010. +919909587777. Opens at 10:00 AM Opening Soon. Tue 10:00 AM - 07:00 PM; Wed 10:00 AM - 07:00 PM ...', 'type': 'official_or_other'}]",0,0,0,0,0,0,0,0,0,25,Low Priority,Business has an official website - lower digital opportunity,9909587777
Audi Indore,True,https://www.audi-indore.com/,Audi Indore,"[{'name': 'Audi Indore', 'title': 'Audi Indore, No MR11, Kataria Complex, Ring Road, Dewas Naka...', 'url': 'https://www.cardekho.com/audi/indore/cardealers/audi-indore-166473.htm', 'domain': 'cardekho.com', 'snippet': 'CarDekho.com - Best place to buy New and Used Cars in India.', 'type': 'referral'}, {'name': 'Audi Indore', 'title': 'Audi Car Dealers in Indore - Audi Showrooms in Indore - Madhya...', 'url': 'https://yellowpages.webindia123.com/d-py/madhya-pradesh/indore/car-dealers-audi-1510/1/', 'domain': 'yellowpages.webindia123.com', 'snippet': 'Car Dealers- Audi in Indore. Get address, phone number, timing, email id, reviews and more for Audi Car Dealers in Indore on yellowpages.webindia123.com, Madhya Pradesh, India like Audi Indore.', 'type': 'official_or_other'}, {'name': 'Audi Indore', 'title': 'Audi Indore, Dewas Naka | Official dealer', 'url': 'https://dealers.myaudi.in/audi-indore-audi-dealer-dewas-naka-indore-122013/Home', 'domain': 'dealers.myaudi.in', 'snippet': 'About Audi Indore. The Audi brand provides the foundation for all our activities. Inherently, the DNA of our brand offers all possibilities to delight customers.Audi Service Indore. No 4/2/4 Pipliya Kumar Dewas Naka Indore, Madhya Pradesh - 452010.', 'type': 'official_or_other'}, {'name': 'Audi Indore', 'title': ""Get pre-owned Luxury cars at 'Audi Approved: Plus' facility in Indore"", 'url': 'https://www.knocksense.com/indore/get-pre-owned-luxury-cars-at-audi-approved-plus-facility-in-indore', 'domain': 'knocksense.com', 'snippet': 'The Audi Approved: Plus car facility in Indore boasts a state-of-the-art showroom with a display of pre-owned Audi cars. With this, every pre-owned car available at the facility will undergo multiple-quality checks and inspections and will be brand-approved after critical testing procedures.', 'type': 'official_or_other'}]",0,0,1,0,0,0,0,0,1,20,Strong Online Presence,Business has an official website - lower digital opportunity,9977439999
Tata EV Indore,True,https://dealer-locator.cars.tatamotors.com/location/madhya-pradesh/indore,Indore | Car Dealer - TATA Motors Locator,"[{'name': 'Tata EV Indore', 'title': 'Tata Showrooms in Indore | 9 Tata Dealers in Indore - CarWale', 'url': 'https://www.carwale.com/dealer-showrooms/tata/indore/', 'domain': 'carwale.com', 'snippet': 'Jabalpur Motors. 31, Mechanic Nagar, Behind Girdhar Mahal, Near Sayaji, Vijaynagar, Indore, Madhya Pradesh 452010 · Sanghi Brothers. Agra Bombay Rd, Rajgadh ...', 'type': 'referral'}, {'name': 'Tata EV Indore', 'title': 'Tata Motors Cars Showroom - Shyam Automotive, Aditya Nagar', 'url': 'https://dealer-locator.cars.tatamotors.com/tata-motors-cars-showroom-shyam-automotive-aditya-nagar-car-dealer-aditya-nagar-indore-78366/Home', 'domain': 'dealer-locator.cars.tatamotors.com', 'snippet': 'The address of this dealer is No 4, AB Road, Rajiv Gandhi Circle & Bhawarkuan Square, Aditya Nagar, Indore, Madhya Pradesh.', 'type': 'official_or_other'}, {'name': 'Tata EV Indore', 'title': '8 Tata Car Showrooms in Indore - Find Contact & Location Details', 'url': 'https://www.cardekho.com/Tata/Indore/cardealers', 'domain': 'cardekho.com', 'snippet': 'Tata Dealers in Indore · Shyam Automotive, Scheme No. · Shyam Tata - Sampat Farms, Scheme No 140, Behind Agarwal Public School, Sampat Farms, Indore, 452010 · "" ...', 'type': 'referral'}, {'name': 'Tata EV Indore', 'title': 'Tata Motors Cars Showroom - Jagdish Automotive, Lasudiya Mori', 'url': 'https://dealer-locator.cars.tatamotors.com/tata-motors-cars-showroom-jagdish-automotive-lasudiya-mori-car-dealer-lasudiya-mori-indore-188703/Contact-Us', 'domain': 'dealer-locator.cars.tatamotors.com', 'snippet': 'Get accurate address, phone no, timings & contact info of Tata Motors Cars Showroom - Jagdish Automotive, Lasudiya Mori, Lasudiya Mori, Indore.', 'type': 'official_or_other'}]",0,0,1,1,0,0,0,0,2,15,Strong Online Presence,Business has an official website - lower digital opportunity,18002098282
BYD Indore,True,https://dealers.myaudi.in/audi-service-indore-audi-dealer-dewas-naka-indore-122025/Home,"Audi Service Indore, Dewas Naka | Official dealer","[{'name': 'BYD Indore', 'title': 'BYD Car Showrooms in Indore - Find Contact & Location Details', 'url': 'https://www.cardekho.com/BYD/Indore/cardealers', 'domain': 'cardekho.com', 'snippet': 'BYD cars dealers and showrooms in Indore.For more information on BYD Cars Price, Offers, EMI options and test drive contact the below mentioned dealers in Indore.', 'type': 'referral'}, {'name': 'BYD Indore', 'title': 'Second Hand Maruti FRONX Manual Cars in Indore – Used... | CARS24', 'url': 'https://www.cars24.com/buy-used-maruti-fronx-manual-cars-indore/', 'domain': 'cars24.com', 'snippet': 'Looking for a used Maruti FRONX Manual car in Indore? Discover popular variants like Delta plus 1.2mt at CARS24 with easy financing options.Used Tata Tiago Cars in Indore. Buy cars online. Browse by Make.', 'type': 'referral'}, {'name': 'BYD Indore', 'title': 'byd.india Instagram profile, stories - Pixnoy (formerly Pixwox)', 'url': 'https://www.pixnoy.com/profile/byd.india/', 'domain': 'pixnoy.com', 'snippet': 'View and download BYD India Instagram profile, posts, tagged, stories photos and videos without login.', 'type': 'official_or_other'}, {'name': 'BYD Indore', 'title': 'Abhishek Atre - Byd indore | LinkedIn', 'url': 'https://in.linkedin.com/in/abhishek-atre-385106115', 'domain': 'in.linkedin.com', 'snippet': 'Experience: Byd indore · Education: Vivekanand Vidya Vihar high school · Location: Indore · 43 connections on LinkedIn. View Abhishek Atre’s profile on LinkedIn, a professional community of 1 billion members.', 'type': 'official_or_other'}]",0,0,1,0,1,0,0,0,2,20,Strong Online Presence,Business has an official website - lower digital opportunity,7440405209
